position,name,points,team_value,value_change,num_players,is_me,scraped_at
1,Locombia FC,416,83780000.0,180000.0,19,False,2026-10-04
2,CD Numancia,346,90400000.0,120000.0,21,False,2026-10-04
3,"General ""Hansi” Topete",325,91440000.0,-150000.0,21,False,2026-10-04
4,Hernan Krezzpo,320,73090000.0,-190000.0,16,True,2026-10-04
5,RaiFC,318,74640000.0,-280000.0,16,False,2026-10-04
6,The National,301,79730000.0,130000.0,22,False,2026-10-04
7,Manchester Tity,296,73560000.0,310000.0,19,False,2026-10-04
8,Minabo de Kiev,288,70360000.0,-850000.0,17,False,2026-10-04
9,Patsi F.C,280,65570000.0,-150000.0,19,False,2026-10-04
10,FreeJulian,273,69880000.0,-90000.0,20,False,2026-10-04
