position,club,name,this_season_pts,last_season_pts,price,change,status,played,points_per_match,home_pts,home_average,away_pts,away_average
Forward,Real Madrid,Mbappé,0,316,23340000,80000,Fit,0,0.0,0,0.0,0,0.0
Forward,Barcelona,Yamal,0,294,22680000,80000,Fit,0,0.0,0,0.0,0,0.0
Forward,Barcelona,Raphinha,0,323,18120000,60000,Fit,0,0.0,0,0.0,0,0.0
Midfielder,Barcelona,Pedri,0,290,17070000,70000,Fit,0,0.0,0,0.0,0,0.0
Forward,Atlético,Julián Alvarez,0,235,15360000,110000,Fit,0,0.0,0,0.0,0,0.0
Midfielder,Real Madrid,Valverde,0,261,15190000,80000,Fit,0,0.0,0,0.0,0,0.0
Midfielder,Betis,Isco,0,184,15030000,70000,Fit,0,0.0,0,0.0,0,0.0
Forward,Barcelona,Lewandowski,0,266,14860000,110000,Fit,0,0.0,0,0.0,0,0.0
Forward,Real Madrid,Vinícius Jr,0,201,14760000,90000,Fit,0,0.0,0,0.0,0,0.0
Forward,Real Madrid,Baena,0,246,12420000,120000,Fit,0,0.0,0,0.0,0,0.0
Forward,Villarreal,Ayoze,0,241,12300000,90000,Fit,0,0.0,0,0.0,0,0.0
Forward,Athletic,Nico Williams,0,146,11000000,110000,Fit,0,0.0,0,0.0,0,0.0
Midfielder,Athletic,Sancet,0,216,10530000,70000,Fit,0,0.0,0,0.0,0,0.0
Midfielder,Real Madrid,Bellingham,0,225,10410000,200000,Injured. Shoulder injury. Estimated return: Early October.,0,0.0,0,0.0,0,0.0
Forward,Osasuna,Budimir,0,268,10390000,80000,Fit,0,0.0,0,0.0,0,0.0
Forward,Barcelona,Rashford,0,0,10020000,0,Fit,0,0.0,0,0.0,0,0.0
Defender,Real Madrid,Dean Huijsen,0,0,9860000,70000,Fit,0,0.0,0,0.0,0,0.0
Midfielder/Forward,Real Madrid,Arda Güler,0,137,9770000,120000,Fit,0,0.0,0,0.0,0,0.0
Midfielder/Forward,Atlético,Dani Olmo,0,169,9720000,10000,Fit,0,0.0,0,0.0,0,0.0
Forward,Atlético,Sørloth,0,213,7990000,40000,Fit,0,0.0,0,0.0,0,0.0
Defender,Real Madrid,Trent,0,0,7990000,20000,Fit,0,0.0,0,0.0,0,0.0
Midfielder/Forward,Real Sociedad,Kubo,0,209,7920000,50000,Fit,0,0.0,0,0.0,0,0.0
Forward,Athletic,Iñaki Williams,0,200,7720000,70000,Fit,0,0.0,0,0.0,0,0.0
Goalkeeper,Barcelona,Joan García,0,233,7680000,10000,Fit,0,0.0,0,0.0,0,0.0
Defender,Barcelona,Koundé,0,195,7290000,110000,Fit,0,0.0,0,0.0,0,0.0
Defender,Barcelona,Cubarsi,0,174,6960000,40000,Fit,0,0.0,0,0.0,0,0.0
Midfielder,Barcelona,De Jong,0,127,6950000,40000,Fit,0,0.0,0,0.0,0,0.0
Midfielder/Forward,Barcelona,Dani Olmo,0,163,6900000,50000,Fit,0,0.0,0,0.0,0,0.0
Midfielder,Atlético,Thiago Almada,0,0,6720000,50000,Fit,0,0.0,0,0.0,0,0.0
Forward,Real Sociedad,Oyarzabal,0,153,6620000,50000,Fit,0,0.0,0,0.0,0,0.0
Goalkeeper,Real Madrid,Courtois,0,152,6600000,50000,Fit,0,0.0,0,0.0,0,0.0
Defender,Barcelona,Iñigo Martínez,0,166,6580000,30000,Fit,0,0.0,0,0.0,0,0.0
Midfielder/Forward,Villarreal,Moleiro,0,174,6550000,80000,Fit,0,0.0,0,0.0,0,0.0
Forward,Celta,Iago Aspas,0,198,6360000,50000,Fit,0,0.0,0,0.0,0,0.0
Forward,Atlético,Griezmann,0,194,6320000,40000,Fit,0,0.0,0,0.0,0,0.0
Forward,Betis,Cucho,0,103,6310000,50000,Fit,0,0.0,0,0.0,0,0.0
Midfielder,Betis,Lo Celso,0,213,6020000,50000,Fit,0,0.0,0,0.0,0,0.0
Midfielder/Defender,Atlético,Marcos Llorente,0,176,5830000,10000,Fit,0,0.0,0,0.0,0,0.0
Defender,Athletic,Vivian,0,201,5810000,40000,Fit,0,0.0,0,0.0,0,0.0
Forward/Midfielder,Valencia,Raba,0,175,5670000,60000,Fit,0,0.0,0,0.0,0,0.0
Midfielder/Defender,Real Madrid,Tchouameni,0,130,5590000,60000,Fit,0,0.0,0,0.0,0,0.0
Defender,Barcelona,Balde,0,144,5480000,60000,Fit,0,0.0,0,0.0,0,0.0
Forward,Real Madrid,Mastantuono,0,0,5430000,130000,Fit,0,0.0,0,0.0,0,0.0
Midfielder,Atlético,Johnny,0,151,5350000,50000,Fit,0,0.0,0,0.0,0,0.0
Defender,Real Madrid,Álvaro Carreras,0,0,5210000,110000,Fit,0,0.0,0,0.0,0,0.0
Forward,Sevilla,Arambarri,0,204,5200000,40000,Fit,0,0.0,0,0.0,0,0.0
Forward,Mallorca,Muriqi,0,140,5190000,110000,Fit,0,0.0,0,0.0,0,0.0
Midfielder/Forward,Atlético,Giuliano Simeone,0,156,5160000,30000,Fit,0,0.0,0,0.0,0,0.0
Forward/Midfielder,Espanyol,Puado,0,194,5150000,40000,Fit,0,0.0,0,0.0,0,0.0
Midfielder,Osasuna,Aimar Oroz,0,207,5080000,30000,Fit,0,0.0,0,0.0,0,0.0
Forward,Celta,Jutglà,0,0,5060000,10000,Fit,0,0.0,0,0.0,0,0.0
Defender/Midfielder,Celta,Mingueza,0,181,5060000,40000,Fit,0,0.0,0,0.0,0,0.0
Coach,Barcelona,Hansi Flick,0,88,4920000,70000,Fit,0,0.0,0,0.0,0,0.0
Goalkeeper,Atlético,Oblak,0,161,4800000,50000,Fit,0,0.0,0,0.0,0,0.0
Midfielder,Getafe,Arambarri,0,102,4790000,60000,Fit,0,0.0,0,0.0,0,0.0
Coach,Real Madrid,Xabi Alonso,0,0,4720000,50000,Fit,0,0.0,0,0.0,0,0.0
Defender,Rayo Vallecano,Lejeune,0,212,4680000,30000,Fit,0,0.0,0,0.0,0,0.0
Forward/Midfielder,Athletic,Berenguer,0,196,4640000,20000,Fit,0,0.0,0,0.0,0,0.0
Defender,Mallorca,Raíllo,0,196,4630000,40000,Fit,0,0.0,0,0.0,0,0.0
Midfielder/Forward,Real Sociedad,Sergio Gómez,0,186,4600000,20000,Fit,0,0.0,0,0.0,0,0.0
Defender,Atlético,Hancko,0,0,4600000,0,Fit,0,0.0,0,0.0,0,0.0
Midfielder,Real Sociedad,Brais Méndez,0,111,4410000,80000,Fit,0,0.0,0,0.0,0,0.0
Midfielder,Getafe,Luis Milla,0,177,4390000,50000,Fit,0,0.0,0,0.0,0,0.0
Goalkeeper,Athletic,Unai Simón,0,183,4290000,50000,Fit,0,0.0,0,0.0,0,0.0
Midfielder,Villarreal,Pape Gueye,0,164,4260000,60000,Fit,0,0.0,0,0.0,0,0.0
Midfielder/Forward,Mallorca,Darder,0,180,4220000,20000,Fit,0,0.0,0,0.0,0,0.0
Defender,Real Madrid,Militão,0,62,4210000,60000,Fit,0,0.0,0,0.0,0,0.0
Forward,Villarreal,Gerard Moreno,0,88,4160000,60000,Fit,0,0.0,0,0.0,0,0.0
Defender,Rayo Vallecano,Ratiu,0,190,4140000,40000,Fit,0,0.0,0,0.0,0,0.0
Midfielder,Atlético,Barrios,0,134,4100000,60000,Fit,0,0.0,0,0.0,0,0.0
Midfielder,Villarreal,Parejo,0,183,4090000,20000,Fit,0,0.0,0,0.0,0,0.0
Goalkeeper,Getafe,David Soria,0,183,4040000,70000,Fit,0,0.0,0,0.0,0,0.0
Midfielder,Villarreal,Comesaña,0,183,4000000,30000,Fit,0,0.0,0,0.0,0,0.0
Goalkeeper,Betis,Álvaro Valles,0,0,3990000,70000,Fit,0,0.0,0,0.0,0,0.0
Forward,Real Madrid,Gonzalo García,0,7,3980000,60000,Fit,0,0.0,0,0.0,0,0.0
Defender,Betis,Firpo,0,0,3970000,20000,Fit,0,0.0,0,0.0,0,0.0
Defender,Villarreal,Foyth,0,105,3960000,40000,Fit,0,0.0,0,0.0,0,0.0
Forward/Midfielder,Valencia,Diego López,0,173,3940000,40000,Fit,0,0.0,0,0.0,0,0.0
Goalkeeper,Real Sociedad,Remiro,0,158,3920000,70000,Fit,0,0.0,0,0.0,0,0.0
Midfielder,Barcelona,Gavi,0,110,3920000,230000,Fit,0,0.0,0,0.0,0,0.0
Defender,Real Madrid,Carvajal,0,48,3900000,40000,Fit,0,0.0,0,0.0,0,0.0
Forward/Midfielder,Alavés,Carlos Vicente,0,156,3880000,120000,Fit,0,0.0,0,0.0,0,0.0
Forward/Midfielder,Villarreal,Pépé,0,151,3880000,70000,Fit,0,0.0,0,0.0,0,0.0
Forward/Midfielder,Rayo Vallecano,Álvaro García,0,197,3870000,50000,Fit,0,0.0,0,0.0,0,0.0
Midfielder/Defender,Betis,Roro Riquelme,0,60,3870000,60000,Fit,0,0.0,0,0.0,0,0.0
Forward/Midfielder,Valencia,Rioja,0,174,3850000,40000,Fit,0,0.0,0,0.0,0,0.0
Goalkeeper,Osasuna,Sergio Herrera,0,199,3850000,50000,Fit,0,0.0,0,0.0,0,0.0
Forward,Valencia,Hugo Duro,0,154,3810000,40000,Fit,0,0.0,0,0.0,0,0.0
Midfielder,Athletic,Jauregizar,0,162,3800000,50000,Fit,0,0.0,0,0.0,0,0.0
Midfielder,Barcelona,Fermín,0,149,3800000,20000,Fit,0,0.0,0,0.0,0,0.0
Forward,Barcelona,Ferran Torres,0,156,3880000,50000,Fit,0,0.0,0,0.0,0,0.0
Forward/Midfielder,Villarreal,Yéremy Pino,0,164,3750000,50000,Fit,0,0.0,0,0.0,0,0.0
Midfielder,Mallorca,Pablo Torre,0,61,3720000,110000,Fit,0,0.0,0,0.0,0,0.0
Midfielder/Forward,Betis,Fornals,0,122,3710000,40000,Fit,0,0.0,0,0.0,0,0.0
Defender,Villarreal,Sergi Cardona,0,169,3680000,30000,Fit,0,0.0,0,0.0,0,0.0
Defender,Atlético,Le Normand,0,112,3660000,40000,Fit,0,0.0,0,0.0,0,0.0
Midfielder,Girona,Yangel Herrera,0,148,3660000,50000,Fit,0,0.0,0,0.0,0,0.0
Defender,Celta,Marcos Alonso,0,162,3660000,30000,Fit,0,0.0,0,0.0,0,0.0
Midfielder/Defender,Real Madrid,Camavinga,0,98,3630000,40000,Fit,0,0.0,0,0.0,0,0.0
Midfielder,Valencia,Javi Guerra,0,105,3620000,40000,Fit,0,0.0,0,0.0,0,0.0
Defender,Atlético,Ruggeri,0,0,3620000,20000,Fit,0,0.0,0,0.0,0,0.0
Goalkeeper,Alavés,Sivera,0,160,3600000,60000,Fit,0,0.0,0,0.0,0,0.0
Goalkeeper,Rayo Vallecano,Batalla,0,173,3600000,50000,Fit,0,0.0,0,0.0,0,0.0
Goalkeeper,Valencia,Agirrezabala,0,58,3590000,70000,Fit,0,0.0,0,0.0,0,0.0
Forward/Midfielder,Rayo Vallecano,Isi Palazón,0,164,3580000,50000,Fit,0,0.0,0,0.0,0,0.0
Midfielder/Forward,Espanyol,Terrats,0,109,3540000,30000,Fit,0,0.0,0,0.0,0,0.0
Midfielder,Real Oviedo,Cazorla,0,0,3520000,50000,Fit,0,0.0,0,0.0,0,0.0
Midfielder/Forward,Osasuna,Rubén García,0,195,3510000,20000,Fit,0,0.0,0,0.0,0,0.0
Forward,Espanyol,Gazzaniga,0,153,3490000,50000,Fit,0,0.0,0,0.0,0,0.0
Forward/Midfielder,Girona,Tsygankov,0,131,3480000,30000,Fit,0,0.0,0,0.0,0,0.0
Midfielder,Valencia,Pepelu,0,122,3410000,50000,Fit,0,0.0,0,0.0,0,0.0
Forward,Getafe,Mayoral,0,98,3400000,40000,Fit,0,0.0,0,0.0,0,0.0
Forward,Levante,Carlos Álvarez,0,0,3350000,10000,Doubt. Pubalgia.,0,0.0,0,0.0,0,0.0
Forward,Real Oviedo,Rondón,0,0,3340000,20000,Fit,0,0.0,0,0.0,0,0.0
Midfielder/Forward,Mallorca,Dani Rodríguez,0,180,3320000,20000,Fit,0,0.0,0,0.0,0,0.0
Goalkeeper,Espanyol,Dmitrovic,0,164,3310000,30000,Fit,0,0.0,0,0.0,0,0.0
Midfielder,Rayo Vallecano,Pedro Díaz,0,115,3300000,20000,Fit,0,0.0,0,0.0,0,0.0
Goalkeeper,Girona,Gazzaniga,0,198,3280000,50000,Fit,0,0.0,0,0.0,0,0.0
Midfielder,Celta,Ilaix Moriba,0,144,3270000,30000,Fit,0,0.0,0,0.0,0,0.0
Forward/Midfielder,Betis,Ez Abde,0,142,3260000,30000,Fit,0,0.0,0,0.0,0,0.0
Midfielder,Real Oviedo,Colombatto,0,0,3250000,40000,Fit,0,0.0,0,0.0,0,0.0
Forward,Alavés,Panichelli,0,0,3230000,50000,Fit,0,0.0,0,0.0,0,0.0
Defender,Osasuna,Boyomo,0,177,3230000,20000,Fit,0,0.0,0,0.0,0,0.0
Defender,Valencia,Gayà,0,102,3210000,20000,Fit,0,0.0,0,0.0,0,0.0
Defender,Betis,Bartra,0,145,3200000,30000,Fit,0,0.0,0,0.0,0,0.0
Forward/Midfielder,Sevilla,Alfon González,0,130,3200000,0,Doubt. Sprained right midfoot.,0,0.0,0,0.0,0,0.0
Forward,Espanyol,Kike García,0,120,3170000,30000,Fit,0,0.0,0,0.0,0,0.0
Defender,Villarreal,Rafa Marín,0,0,3150000,160000,Fit,0,0.0,0,0.0,0,0.0
Forward,Betis,Borja Iglesias,0,186,3140000,20000,Fit,0,0.0,0,0.0,0,0.0
Goalkeeper,Villarreal,Luiz Júnior,0,85,3140000,150000,Fit,0,0.0,0,0.0,0,0.0
Forward/Midfielder,Getafe,Uche,0,163,3130000,40000,Fit,0,0.0,0,0.0,0,0.0
Defender,Real Madrid,Rüdiger,0,123,3120000,20000,Suspended. Day 1.,0,0.0,0,0.0,0,0.0
Forward/Midfielder,Rayo Vallecano,De Frutos,0,165,3120000,20000,Fit,0,0.0,0,0.0,0,0.0
Coach,Atlético,Simeone,0,76,3120000,40000,Fit,0,0.0,0,0.0,0,0.0
Defender,Alavés,Tenaglia,0,188,3110000,20000,Fit,0,0.0,0,0.0,0,0.0
Midfielder,Athletic,De Galarreta,0,165,3080000,20000,Fit,0,0.0,0,0.0,0,0.0
Defender/Midfielder,Barcelona,Eric García,0,160,3060000,40000,Fit,0,0.0,0,0.0,0,0.0
Defender,Getafe,Alderete,0,168,3050000,20000,Fit,0,0.0,0,0.0,0,0.0
Defender,Mallorca,Valjent,0,155,3030000,30000,Fit,0,0.0,0,0.0,0,0.0
Midfielder,Barcelona,Marc Casadó,0,117,2990000,50000,Fit,0,0.0,0,0.0,0,0.0
Forward,Sevilla,Rubén Vargas,0,55,2980000,240000,Fit,0,0.0,0,0.0,0,0.0
Defender,Athletic,Areso,0,144,2970000,100000,Fit,0,0.0,0,0.0,0,0.0
Defender/Midfielder,Girona,Miguel Gutiérrez,0,147,2950000,20000,Doubt. Ankle surgery.,0,0.0,0,0.0,0,0.0
Defender,Espanyol,Cabrera,0,153,2950000,30000,Fit,0,0.0,0,0.0,0,0.0
Midfielder,Osasuna,Torró,0,135,2890000,90000,Fit,0,0.0,0,0.0,0,0.0
Defender/Midfielder,Espanyol,Carlos Romero,0,149,2870000,60000,Fit,0,0.0,0,0.0,0,0.0
Goalkeeper,Betis,Pau López,0,3,2850000,120000,Fit,0,0.0,0,0.0,0,0.0
Forward,Athletic,Guruzeta,0,157,2830000,70000,Fit,0,0.0,0,0.0,0,0.0
Midfielder,Espanyol,Expósito,0,86,2820000,60000,Fit,0,0.0,0,0.0,0,0.0
Midfielder,Real Madrid,Ceballos,0,86,2810000,30000,Fit,0,0.0,0,0.0,0,0.0
Defender,Valencia,Tárrega,0,154,2790000,50000,Fit,0,0.0,0,0.0,0,0.0
Defender,Real Madrid,Raúl Asencio,0,104,2770000,70000,Fit,0,0.0,0,0.0,0,0.0
Defender,Betis,Diego Llorente,0,154,2760000,40000,Doubt. Proximal tendon injury in the left hamstring muscle.,0,0.0,0,0.0,0,0.0
Defender,Girona,Krejci,0,0,2760000,120000,Fit,0,0.0,0,0.0,0,0.0
Midfielder,Real Sociedad,Luka Sucic,0,120,2700000,170000,Fit,0,0.0,0,0.0,0,0.0
Forward,Real Madrid,Rodrygo,0,176,2690000,80000,Fit,0,0.0,0,0.0,0,0.0
Defender,Real Madrid,Fran García,0,140,2680000,90000,Fit,0,0.0,0,0.0,0,0.0
Defender,Rayo Vallecano,Luiz Felipe,0,0,2670000,120000,Fit,0,0.0,0,0.0,0,0.0
Defender,Espanyol,El Hilali,0,151,2600000,70000,Fit,0,0.0,0,0.0,0,0.0
Defender,Sevilla,Badé,0,133,2580000,60000,Fit,0,0.0,0,0.0,0,0.0
Midfielder,Mallorca,Samú Costa,0,128,2570000,80000,Fit,0,0.0,0,0.0,0,0.0
Defender,Osasuna,Catena,0,155,2560000,40000,Fit,0,0.0,0,0.0,0,0.0
Goalkeeper,Celta,Ionut Radu,0,0,2550000,140000,Fit,0,0.0,0,0.0,0,0.0
Defender,Mallorca,Mojica,0,144,2490000,80000,Fit,0,0.0,0,0.0,0,0.0
Midfielder,Celta,Fran Beltrán,0,144,2480000,20000,Injured. Stretching in the right anterior rectus. Estimated return: Mid-August.,0,0.0,0,0.0,0,0.0
Defender,Girona,Blind,0,150,2470000,50000,Fit,0,0.0,0,0.0,0,0.0
Defender,Osasuna,Rosier,0,135,2460000,120000,Fit,0,0.0,0,0.0,0,0.0
Goalkeeper,Mallorca,Leo Román,0,56,2450000,240000,Fit,0,0.0,0,0.0,0,0.0
Defender,Sevilla,Kike Salas,0,146,2450000,50000,Fit,0,0.0,0,0.0,0,0.0
Midfielder,Atlético,De Paul,0,191,2440000,190000,Fit,0,0.0,0,0.0,0,0.0
Defender,Getafe,Diego Rico,0,141,2440000,50000,Fit,0,0.0,0,0.0,0,0.0
Goalkeeper,Real Oviedo,Escandell,0,144,2430000,50000,Fit,0,0.0,0,0.0,0,0.0
Goalkeeper,Sevilla,Nyland,0,118,2370000,100000,Fit,0,0.0,0,0.0,0,0.0
Forward,Athletic,Sannadi,0,65,2350000,50000,Fit,0,0.0,0,0.0,0,0.0
Defender,Barcelona,Ronald Araújo,0,46,2310000,0,Fit,0,0.0,0,0.0,0,0.0
Defender,Elche,Affengruber,0,0,2310000,90000,Fit,0,0.0,0,0.0,0,0.0
Defender,Sevilla,Gabriel Suazo,0,0,2260000,120000,Fit,0,0.0,0,0.0,0,0.0
Defender,Rayo Vallecano,Chavarría,0,144,2190000,40000,Fit,0,0.0,0,0.0,0,0.0
Forward/Midfielder,Real Madrid,Brahim,0,121,2140000,10000,Fit,0,0.0,0,0.0,0,0.0
Midfielder,Girona,Iván Martín,0,125,2130000,100000,Fit,0,0.0,0,0.0,0,0.0
Defender/Midfielder,Girona,Arnau Martínez,0,60,2110000,30000,Fit,0,0.0,0,0.0,0,0.0
Defender,Real Sociedad,Aramburu,0,141,2090000,80000,Fit,0,0.0,0,0.0,0,0.0
Goalkeeper,Elche,Dituro,0,0,2060000,140000,Fit,0,0.0,0,0.0,0,0.0
Coach,Athletic,Ernesto Valverde,0,70,2040000,60000,Fit,0,0.0,0,0.0,0,0.0
Defender,Betis,Natan,0,107,2030000,50000,Fit,0,0.0,0,0.0,0,0.0
Defender,Celta,Javi Rodríguez,0,161,2030000,40000,Fit,0,0.0,0,0.0,0,0.0
Forward,Levante,Morales,0,0,2020000,50000,Fit,0,0.0,0,0.0,0,0.0
Defender,Athletic,Yuri,0,115,2010000,30000,Fit,0,0.0,0,0.0,0,0.0
Forward,Girona,Stuani,0,171,2010000,10000,Fit,0,0.0,0,0.0,0,0.0
Coach,Betis,Pellegrini,0,70,1980000,50000,Fit,0,0.0,0,0.0,0,0.0
Midfielder,Valencia,André Almeida,0,128,1980000,50000,Fit,0,0.0,0,0.0,0,0.0
Midfielder,Sevilla,Agoumé,0,119,1960000,70000,Fit,0,0.0,0,0.0,0,0.0
Defender,Real Sociedad,Zubeldia,0,104,1930000,60000,Fit,0,0.0,0,0.0,0,0.0
Midfielder,Real Oviedo,Alberto Reina,0,0,1930000,140000,Fit,0,0.0,0,0.0,0,0.0
Defender,Atlético,Lenglet,0,107,1920000,20000,Fit,0,0.0,0,0.0,0,0.0
Defender,Real Oviedo,Nacho Vidal,0,8,1920000,100000,Fit,0,0.0,0,0.0,0,0.0
Midfielder,Betis,Sergi Altimira,0,130,1920000,60000,Fit,0,0.0,0,0.0,0,0.0
Defender,Valencia,Mosquera,0,148,1910000,70000,Fit,0,0.0,0,0.0,0,0.0
Coach,Villarreal,Marcelino,0,132,1900000,20000,Fit,0,0.0,0,0.0,0,0.0
Midfielder,Rayo Vallecano,Pathé Ciss,0,145,1890000,30000,Fit,0,0.0,0,0.0,0,0.0
Defender,Alavés,Santiago Mouriño,0,100,1870000,70000,Fit,0,0.0,0,0.0,0,0.0
Defender,Getafe,Kiko Femenía,0,112,1830000,50000,Fit,0,0.0,0,0.0,0,0.0
Forward,Real Oviedo,Hassan,0,0,1790000,80000,Fit,0,0.0,0,0.0,0,0.0
Midfielder/Forward,Celta,Swedberg,0,123,1780000,20000,Fit,0,0.0,0,0.0,0,0.0
Midfielder,Barcelona,Marc Bernal,0,17,1780000,130000,Fit,0,0.0,0,0.0,0,0.0
Defender,Celta,Starfelt,0,131,1760000,70000,Fit,0,0.0,0,0.0,0,0.0
Forward,Real Oviedo,Chaira,0,0,1740000,110000,Fit,0,0.0,0,0.0,0,0.0
Defender,Mallorca,Moncayola,0,127,1710000,50000,Fit,0,0.0,0,0.0,0,0.0
Defender,Athletic,Paredes,0,101,1710000,100000,Fit,0,0.0,0,0.0,0,0.0
Midfielder,Elche,Febas,0,0,1700000,70000,Fit,0,0.0,0,0.0,0,0.0
Midfielder,Atlético,Gallagher,0,132,1680000,20000,Fit,0,0.0,0,0.0,0,0.0
Goalkeeper,Mallorca,Greif,0,144,1670000,10000,Fit,0,0.0,0,0.0,0,0.0
Defender,Atlético,Giménez,0,115,1620000,20000,Fit,0,0.0,0,0.0,0,0.0
Defender,Sevilla,Carmona,0,130,1620000,40000,Fit,0,0.0,0,0.0,0,0.0
Midfielder/Defender,Atlético,Samu Lino,0,132,1600000,40000,Fit,0,0.0,0,0.0,0,0.0
Forward,Osasuna,Víctor Muñoz,0,2,1590000,160000,Fit,0,0.0,0,0.0,0,0.0
Midfielder,Osasuna,Moncayola,0,127,1570000,60000,Fit,0,0.0,0,0.0,0,0.0
Forward,Sevilla,Isaac Romero,0,98,1570000,60000,Fit,0,0.0,0,0.0,0,0.0
Goalkeeper,Barcelona,Szczęsny,0,78,1550000,50000,Fit,0,0.0,0,0.0,0,0.0
Midfielder,Alavés,Antonio Blanco,0,123,1520000,20000,Fit,0,0.0,0,0.0,0,0.0
Midfielder,Levante,Pablo Martínez,0,0,1520000,60000,Fit,0,0.0,0,0.0,0,0.0
Defender,Real Oviedo,Calvo,0,0,1520000,70000,Fit,0,0.0,0,0.0,0,0.0
Forward,Levante,Brugué,0,0,1510000,70000,Fit,0,0.0,0,0.0,0,0.0
Defender,Girona,David López,0,121,1500000,30000,Fit,0,0.0,0,0.0,0,0.0
Midfielder/Defender,Celta,Hugo Álvarez,0,116,1490000,20000,Fit,0,0.0,0,0.0,0,0.0
Defender,Valencia,Diakhaby,0,132,1490000,150000,Injured. Complete rupture of the cruciate ligament of his left knee. Estimated return: End of June.,0,0.0,0,0.0,0,0.0
Defender/Midfielder,Getafe,Djené,0,113,1470000,50000,Fit,0,0.0,0,0.0,0,0.0
Midfielder/Forward,Athletic,Robert Navarro,0,97,1460000,30000,Fit,0,0.0,0,0.0,0,0.0
Midfielder/Defender,Getafe,Javi Muñoz,0,136,1440000,20000,Fit,0,0.0,0,0.0,0,0.0
Midfielder/Forward,Real Sociedad,Barrenetxea,0,94,1430000,60000,Fit,0,0.0,0,0.0,0,0.0
Defender,Levante,Elgezabal,0,0,1420000,40000,Fit,0,0.0,0,0.0,0,0.0
Defender,Getafe,Juan Iglesias,0,151,1420000,20000,Fit,0,0.0,0,0.0,0,0.0
Midfielder/Forward,Real Sociedad,Pablo Marín,0,80,1410000,30000,Fit,0,0.0,0,0.0,0,0.0
Forward/Midfielder,Girona,Asprilla,0,113,1370000,40000,Fit,0,0.0,0,0.0,0,0.0
Defender,Villarreal,Logan Costa,0,88,1360000,20000,Fit,0,0.0,0,0.0,0,0.0
Defender,Alavés,Jonny Castro,0,0,1330000,40000,Fit,0,0.0,0,0.0,0,0.0
Defender/Midfielder,Celta,Carreira,0,95,1300000,40000,Fit,0,0.0,0,0.0,0,0.0
Midfielder,Alavés,Guridi,0,125,1270000,40000,Fit,0,0.0,0,0.0,0,0.0
Defender,Barcelona,Gerard Martín,0,101,1260000,40000,Fit,0,0.0,0,0.0,0,0.0
Midfielder,Getafe,Neyou,0,126,1240000,20000,Fit,0,0.0,0,0.0,0,0.0
Midfielder,Levante,Oriol Rey,0,0,1230000,60000,Fit,0,0.0,0,0.0,0,0.0
Defender,Athletic,Yeray,0,119,1220000,40000,Fit,0,0.0,0,0.0,0,0.0
Midfielder,Athletic,Beñat Prados,0,115,1220000,20000,Fit,0,0.0,0,0.0,0,0.0
Forward,Real Sociedad,Sadiq,0,116,1200000,30000,Fit,0,0.0,0,0.0,0,0.0
Forward,Barcelona,Bardghji,0,0,1190000,40000,Fit,0,0.0,0,0.0,0,0.0
Defender,Alavés,Facundo Garcés,0,37,1140000,70000,Fit,0,0.0,0,0.0,0,0.0
Midfielder/Forward,Espanyol,Jofre Carreras,0,131,1130000,0,Fit,0,0.0,0,0.0,0,0.0
Forward,Levante,Víctor García,0,0,1110000,40000,Fit,0,0.0,0,0.0,0,0.0
Midfielder,Levante,Olasagasti,0,73,1110000,200000,Fit,0,0.0,0,0.0,0,0.0
Goalkeeper,Barcelona,Ter Stegen,0,31,1090000,70000,Injured. Back injury. Estimated return: Indefinite return.,0,0.0,0,0.0,0,0.0
Defender/Midfielder,Sevilla,Gudelj,0,105,1080000,30000,Fit,0,0.0,0,0.0,0,0.0
Defender,Valencia,Foulquier,0,103,1070000,30000,Fit,0,0.0,0,0.0,0,0.0
Forward/Midfielder,Celta,Pablo Durán,0,0,1070000,0,Fit,0,0.0,0,0.0,0,0.0
Forward,Villarreal,Danjuma,0,107,1060000,20000,Fit,0,0.0,0,0.0,0,0.0
Defender,Mallorca,Copete,0,88,1060000,60000,Fit,0,0.0,0,0.0,0,0.0
Midfielder,Levante,Kervin Arriaga,0,0,1060000,20000,Fit,0,0.0,0,0.0,0,0.0
Defender/Midfielder,Atlético,Galán,0,89,1050000,10000,Fit,0,0.0,0,0.0,0,0.0
Midfielder/Defender,Sevilla,Juanlu,0,133,1030000,30000,Fit,0,0.0,0,0.0,0,0.0
Forward,Elche,Álvaro Rodríguez,0,74,1010000,240000,Fit,0,0.0,0,0.0,0,0.0
Defender,Elche,Álvaro Núñez,0,0,1010000,80000,Fit,0,0.0,0,0.0,0,0.0
Midfielder,Real Oviedo,Sibo,0,0,1000000,70000,Fit,0,0.0,0,0.0,0,0.0
Defender,Atlético,Pablo Campos,0,0,1000000,170000,Fit,0,0.0,0,0.0,0,0.0
Defender,Sevilla,Pedrosa,0,121,990000,10000,Fit,0,0.0,0,0.0,0,0.0
Defender/Midfielder,Real Sociedad,Urko Gonzalez,0,68,940000,40000,Fit,0,0.0,0,0.0,0,0.0
Midfielder/Defender,Betis,Ruibal,0,111,910000,20000,Fit,0,0.0,0,0.0,0,0.0
Defender,Elche,Bigas,0,0,900000,30000,Fit,0,0.0,0,0.0,0,0.0
Forward/Midfielder,Girona,Portu,0,85,900000,20000,Fit,0,0.0,0,0.0,0,0.0
Midfielder,Espanyol,Pol Lozano,0,106,890000,60000,Fit,0,0.0,0,0.0,0,0.0
Defender/Midfielder,Rayo Vallecano,Balliu,0,79,890000,30000,Fit,0,0.0,0,0.0,0,0.0
Forward,Sevilla,Ejuke,0,108,890000,40000,Fit,0,0.0,0,0.0,0,0.0
Goalkeeper,Levante,Pablo Campos,0,93,880000,70000,Fit,0,0.0,0,0.0,0,0.0
Forward,Real Madrid,Endrick,0,55,880000,30000,Injured. Hamstring joint injury of the right leg. Estimated return: early September.,0,0.0,0,0.0,0,0.0
Defender/Midfielder,Osasuna,Bretones,0,122,880000,30000,Fit,0,0.0,0,0.0,0,0.0
Defender,Athletic,Gorosabel,0,87,870000,50000,Fit,0,0.0,0,0.0,0,0.0
Defender,Levante,De la Fuente,0,0,870000,50000,Fit,0,0.0,0,0.0,0,0.0
Defender,Real Sociedad,Jon Martín,0,54,850000,60000,Fit,0,0.0,0,0.0,0,0.0
Midfielder,Rayo Vallecano,Unai López,0,124,830000,30000,Fit,0,0.0,0,0.0,0,0.0
Midfielder/Forward,Getafe,Aleñá,0,86,830000,20000,Fit,0,0.0,0,0.0,0,0.0
Coach,Valencia,Corberán,0,34,830000,30000,Fit,0,0.0,0,0.0,0,0.0
Forward,Rayo Vallecano,Camello,0,55,820000,10000,Fit,0,0.0,0,0.0,0,0.0
Midfielder,Mallorca,Morlanes,0,94,820000,30000,Fit,0,0.0,0,0.0,0,0.0
Midfielder,Sevilla,Jordán,0,138,800000,40000,Injured. Herniated disc surgery. Estimated return: Mid-October.,0,0.0,0,0.0,0,0.0
Midfielder,Atlético,Koke,0,125,790000,0,Fit,0,0.0,0,0.0,0,0.0
Midfielder,Rayo Vallecano,Óscar Valentín,0,118,790000,30000,Fit,0,0.0,0,0.0,0,0.0
Goalkeeper,Villarreal,Diego Conde,0,97,790000,10000,Fit,0,0.0,0,0.0,0,0.0
Defender,Levante,Pampín,0,0,790000,20000,Fit,0,0.0,0,0.0,0,0.0
Defender,Rayo Vallecano,Mumin,0,118,770000,10000,Doubt. Knee injury.,0,0.0,0,0.0,0,0.0
Midfielder,Sevilla,Sow,0,115,750000,60000,Fit,0,0.0,0,0.0,0,0.0
Coach,Celta,Claudio Giráldez,0,0,750000,80000,Fit,0,0.0,0,0.0,0,0.0
Coach,Real Sociedad,Sergio Francisco,0,0,750000,10000,Fit,0,0.0,0,0.0,0,0.0
Forward,Real Sociedad,Óskarsson,0,62,740000,90000,Fit,0,0.0,0,0.0,0,0.0
Midfielder,Elche,Josan,0,0,720000,40000,Fit,0,0.0,0,0.0,0,0.0
Forward/Midfielder,Mallorca,Asano,0,83,720000,30000,Fit,0,0.0,0,0.0,0,0.0
Coach,Girona,Michel,0,41,700000,30000,Fit,0,0.0,0,0.0,0,0.0
Coach,Rayo Vallecano,Íñigo Pérez,0,52,660000,20000,Fit,0,0.0,0,0.0,0,0.0
Defender,Celta,Manu Sánchez,0,112,650000,0,Fit,0,0.0,0,0.0,0,0.0
Forward,Barcelona,Pau Víctor,0,52,650000,60000,Fit,0,0.0,0,0.0,0,0.0
Midfielder,Real Sociedad,Pedraza,0,42,640000,0,Fit,0,0.0,0,0.0,0,0.0
Coach,Osasuna,Alessio Lisci,0,0,640000,20000,Fit,0,0.0,0,0.0,0,0.0
Forward,Elche,El Ghezouani,0,0,620000,50000,Fit,0,0.0,0,0.0,0,0.0
Goalkeeper,Valencia,Dimitrievski,0,13,610000,0,Fit,0,0.0,0,0.0,0,0.0
Defender,Real Sociedad,Traoré,0,40,600000,50000,Fit,0,0.0,0,0.0,0,0.0
Defender,Elche,Pétrot,0,0,600000,10000,Fit,0,0.0,0,0.0,0,0.0
Coach,Mallorca,Arrasate,0,48,580000,30000,Fit,0,0.0,0,0.0,0,0.0
Forward,Mallorca,Larin,0,122,580000,0,Fit,0,0.0,0,0.0,0,0.0
Goalkeeper,Real Oviedo,Moldovan,0,0,580000,60000,Fit,0,0.0,0,0.0,0,0.0
Defender/Midfielder,Levante,Matías Moreno,0,0,560000,30000,Fit,0,0.0,0,0.0,0,0.0
Defender,Levante,Toljan,0,0,550000,10000,Fit,0,0.0,0,0.0,0,0.0
Defender,Real Madrid,David Alaba,0,18,540000,20000,Doubt. Muscle injury in the soleus of the left leg.,0,0.0,0,0.0,0,0.0
Goalkeeper,Betis,Adrián,0,69,540000,20000,Fit,0,0.0,0,0.0,0,0.0
Midfielder,Girona,Van de Beek,0,104,540000,20000,Injured. Heel surgery. Estimated return: Mid-September.,0,0.0,0,0.0,0,0.0
Coach,Getafe,Bordalás,0,42,520000,30000,Fit,0,0.0,0,0.0,0,0.0
Coach,Sevilla,Almeyda,0,0,520000,0,Fit,0,0.0,0,0.0,0,0.0
Defender,Barcelona,Christensen,0,22,510000,10000,Fit,0,0.0,0,0.0,0,0.0
Forward/Midfielder,Villarreal,Akhomach,0,50,480000,0,Doubt. Recovery from rupture of the anterior cruciate ligament.,0,0.0,0,0.0,0,0.0
Defender,Levante,Matías Moreno,0,79,470000,10000,Fit,0,0.0,0,0.0,0,0.0
Midfielder,Real Madrid,Mario Martín,0,75,470000,20000,Fit,0,0.0,0,0.0,0,0.0
Midfielder,Alavés,Pablo Ibáñez,0,86,470000,40000,Fit,0,0.0,0,0.0,0,0.0
Forward,Girona,Abel Ruiz,0,76,470000,40000,Fit,0,0.0,0,0.0,0,0.0
Defender,Real Oviedo,Luengo,0,0,450000,30000,Fit,0,0.0,0,0.0,0,0.0
Defender,Real Oviedo,David Costas,0,0,440000,10000,Suspended. Direct red.,0,0.0,0,0.0,0,0.0
Goalkeeper,Real Madrid,Lunin,0,29,440000,10000,Fit,0,0.0,0,0.0,0,0.0
Forward,Villarreal,Etta Eyong,0,16,430000,30000,Fit,0,0.0,0,0.0,0,0.0
Defender,Betis,Perraud,0,80,430000,10000,Fit,0,0.0,0,0.0,0,0.0
Forward,Betis,Bakambu,0,111,430000,30000,Fit,0,0.0,0,0.0,0,0.0
Midfielder,Real Sociedad,Turrientes,0,62,410000,20000,Fit,0,0.0,0,0.0,0,0.0
Defender/Midfielder,Atlético,Molina,0,96,410000,10000,Fit,0,0.0,0,0.0,0,0.0
Defender,Real Oviedo,Alhassane,0,0,400000,40000,Fit,0,0.0,0,0.0,0,0.0
Midfielder,Barcelona,Oriol Romeu,0,77,390000,20000,Fit,0,0.0,0,0.0,0,0.0
Forward/Midfielder,Getafe,Coba Gomes,0,78,390000,20000,Fit,0,0.0,0,0.0,0,0.0
Defender,Athletic,Hugo Rincón,0,0,390000,30000,Fit,0,0.0,0,0.0,0,0.0
Forward/Midfielder,Elche,Germán Valera,0,18,380000,20000,Fit,0,0.0,0,0.0,0,0.0
Midfielder,Athletic,Unai Gómez,0,95,380000,10000,Fit,0,0.0,0,0.0,0,0.0
Forward,Alavés,Toni Martínez,0,74,370000,0,Injured. Ankle injury. Estimated return: End of August.,0,0.0,0,0.0,0,0.0
Forward,Real Oviedo,Viñas,0,0,370000,10000,Fit,0,0.0,0,0.0,0,0.0
Midfielder,Alavés,Guevara,0,101,360000,30000,Fit,0,0.0,0,0.0,0,0.0
Forward/Midfielder,Getafe,Juanmi,0,63,350000,20000,Fit,0,0.0,0,0.0,0,0.0
Coach,Espanyol,Manolo González,0,42,350000,0,Fit,0,0.0,0,0.0,0,0.0
Defender,Levante,Matturro,0,0,350000,20000,Doubt. Muscle injury in the rectus femoris of the left leg.,0,0.0,0,0.0,0,0.0
Defender,Barcelona,Héctor Fort,0,53,340000,10000,Fit,0,0.0,0,0.0,0,0.0
Forward,Athletic,Urko Izeta,0,0,330000,10000,Fit,0,0.0,0,0.0,0,0.0
Midfielder,Alavés,Calebe,0,0,320000,0,Fit,0,0.0,0,0.0,0,0.0
Midfielder,Betis,Bellerín,0,32,310000,20000,Fit,0,0.0,0,0.0,0,0.0
Forward,Levante,Iván Romero,0,0,310000,0,Fit,0,0.0,0,0.0,0,0.0
Forward/Midfielder,Sevilla,Peque,0,82,310000,0,Fit,0,0.0,0,0.0,0,0.0
Midfielder,Mallorca,Mascarell,0,105,300000,0,Fit,0,0.0,0,0.0,0,0.0
Defender,Getafe,Domingos Duarte,0,81,300000,10000,Suspended. Direct red.,0,0.0,0,0.0,0,0.0
Goalkeeper,Barcelona,Iñaki Peña,0,81,300000,10000,Fit,0,0.0,0,0.0,0,0.0
Defender,Rayo Vallecano,Pacha Espino,0,54,300000,10000,Fit,0,0.0,0,0.0,0,0.0
Defender,Espanyol,Salinas,0,0,300000,0,Fit,0,0.0,0,0.0,0,0.0
Midfielder,Real Oviedo,Luka Ilic,0,0,300000,70000,Fit,0,0.0,0,0.0,0,0.0
Defender,Betis,Chimy Ávila,0,62,280000,10000,Fit,0,0.0,0,0.0,0,0.0
Midfielder,Real Oviedo,Dominguès,0,0,280000,10000,Fit,0,0.0,0,0.0,0,0.0
Coach,Real Oviedo,Paunovic,0,0,280000,0,Fit,0,0.0,0,0.0,0,0.0
Forward/Midfielder,Atlético,Carlos Martín,0,88,270000,20000,Fit,0,0.0,0,0.0,0,0.0
Forward,Villarreal,Forés,0,0,270000,20000,Fit,0,0.0,0,0.0,0,0.0
Coach,Elche,Eder Sarabia,0,0,270000,0,Fit,0,0.0,0,0.0,0,0.0
Defender,Espanyol,Miguel Rubio,0,0,260000,0,Fit,0,0.0,0,0.0,0,0.0
Defender,Osasuna,Herrando,0,66,260000,10000,Fit,0,0.0,0,0.0,0,0.0
Goalkeeper,Elche,Iturbe,0,0,260000,10000,Fit,0,0.0,0,0.0,0,0.0
Forward/Midfielder,Levante,Julián Calero,0,0,260000,10000,Fit,0,0.0,0,0.0,0,0.0
Defender,Real Madrid,Mendy,0,32,250000,10000,Injured. Rupture of the proximal rectus anterior tendon in the right quadriceps. Estimated return: Mid-July.,0,0.0,0,0.0,0,0.0
Defender,Real Sociedad,Elustondo,0,67,250000,0,Fit,0,0.0,0,0.0,0,0.0
Defender,Real Sociedad,Aihen,0,62,250000,10000,Fit,0,0.0,0,0.0,0,0.0
Midfielder,Mallorca,Antonio Sánchez,0,101,240000,0,Fit,0,0.0,0,0.0,0,0.0
Midfielder,Rayo Vallecano,Gumbau,0,72,240000,10000,Fit,0,0.0,0,0.0,0,0.0
Defender,Celta,Carlos Dominguez,0,64,240000,0,Fit,0,0.0,0,0.0,0,0.0
Defender,Villarreal,Kambwala,0,47,240000,20000,Fit,0,0.0,0,0.0,0,0.0
Forward,Getafe,Adrián Liso,0,0,240000,0,Fit,0,0.0,0,0.0,0,0.0
Coach,Levante,Alex Sancris,0,0,240000,0,Suspended. Sanctioned day 1.,0,0.0,0,0.0,0,0.0
Midfielder/Forward,Osasuna,Moi Gómez,0,61,230000,0,Fit,0,0.0,0,0.0,0,0.0
Midfielder/Forward,Getafe,Alex Sola,0,57,230000,10000,Fit,0,0.0,0,0.0,0,0.0
Defender,Real Sociedad,Javi López,0,73,230000,0,Fit,0,0.0,0,0.0,0,0.0
Forward,Osasuna,Raul García,0,93,230000,10000,Fit,0,0.0,0,0.0,0,0.0
Midfielder,Real Sociedad,Zakharyan,0,18,230000,0,Doubt. Ankle discomfort.,0,0.0,0,0.0,0,0.0
Defender,Valencia,Correia,0,32,220000,0,Injured. Recovery from cruciate ligament rupture. Estimated return: End of August.,0,0.0,0,0.0,0,0.0
Coach,Alavés,Eduardo Coudet,0,28,220000,10000,Fit,0,0.0,0,0.0,0,0.0
Midfielder,Athletic,Vencedor,0,0,220000,10000,Fit,0,0.0,0,0.0,0,0.0
Forward,Getafe,Dani Cárdenas,0,24,220000,0,Fit,0,0.0,0,0.0,0,0.0
Defender,Villarreal,Adrià Altimira,0,65,220000,0,Fit,0,0.0,0,0.0,0,0.0
Forward/Midfielder,Real Sociedad,Becker,0,74,220000,0,Fit,0,0.0,0,0.0,0,0.0
Defender,Celta,Yoel Lago,0,31,220000,0,Fit,0,0.0,0,0.0,0,0.0
Midfielder,Villarreal,Denis Suárez,0,62,210000,0,Fit,0,0.0,0,0.0,0,0.0
Midfielder,Athletic,Vesga,0,73,210000,0,Fit,0,0.0,0,0.0,0,0.0
Midfielder/Forward,Sevilla,Januzaj,0,66,210000,10000,Fit,0,0.0,0,0.0,0,0.0
Defender,Espanyol,Calero,0,69,210000,10000,Fit,0,0.0,0,0.0,0,0.0
Defender,Osasuna,Juan Cruz,0,74,210000,0,Fit,0,0.0,0,0.0,0,0.0
Goalkeeper,Rayo Vallecano,Dani Cárdenas,0,6,210000,0,Fit,0,0.0,0,0.0,0,0.0
Forward,Betis,Gonzalo Petit,0,0,210000,10000,Fit,0,0.0,0,0.0,0,0.0
Goalkeeper,Sevilla,Álvaro Fernández,0,29,200000,0,Fit,0,0.0,0,0.0,0,0.0
Goalkeeper,Alavés,Raúl Fernández,0,0,200000,10000,Fit,0,0.0,0,0.0,0,0.0
Goalkeeper,Celta,Iván Villar,0,12,200000,10000,Fit,0,0.0,0,0.0,0,0.0
Midfielder,Elche,John Donald,0,0,200000,0,Fit,0,0.0,0,0.0,0,0.0
Forward,Sevilla,Iheanacho,0,12,200000,10000,Fit,0,0.0,0,0.0,0,0.0
Defender,Betis,Ricardo Rodríguez,0,56,200000,0,Fit,0,0.0,0,0.0,0,0.0
Midfielder,Espanyol,Gragera,0,27,190000,0,Fit,0,0.0,0,0.0,0,0.0
Forward,Betis,Pablo García,0,51,190000,0,Fit,0,0.0,0,0.0,0,0.0
Forward,Sevilla,Rafa Mir,0,62,190000,0,Fit,0,0.0,0,0.0,0,0.0
Midfielder,Real Oviedo,Alberto del Moral,0,0,190000,10000,Fit,0,0.0,0,0.0,0,0.0
Forward,Athletic,Djaló,0,55,190000,10000,Fit,0,0.0,0,0.0,0,0.0
Defender,Villarreal,Pau Navarro,0,53,190000,10000,Fit,0,0.0,0,0.0,0,0.0
Defender,Betis,Angel Ortiz,0,26,190000,0,Fit,0,0.0,0,0.0,0,0.0
Forward,Rayo Vallecano,Etienne Eto'o,0,3,190000,10000,Fit,0,0.0,0,0.0,0,0.0
Defender,Real Oviedo,Pomares,0,0,190000,0,Fit,0,0.0,0,0.0,0,0.0
Midfielder,Elche,Mendoza,0,0,190000,0,Fit,0,0.0,0,0.0,0,0.0
Midfielder,Girona,Lekue,0,35,180000,0,Fit,0,0.0,0,0.0,0,0.0
Midfielder,Celta,Damián Rodríguez,0,57,180000,0,Fit,0,0.0,0,0.0,0,0.0
Goalkeeper,Osasuna,Aitor Fernández,0,11,180000,0,Fit,0,0.0,0,0.0,0,0.0
Defender,Valencia,Jesús Vázquez,0,48,180000,0,Fit,0,0.0,0,0.0,0,0.0
Midfielder,Celta,Sotelo,0,78,180000,0,Fit,0,0.0,0,0.0,0,0.0
Goalkeeper,Betis,Vieites,0,15,180000,0,Fit,0,0.0,0,0.0,0,0.0
Midfielder,Girona,Jhon Solís,0,40,180000,0,Fit,0,0.0,0,0.0,0,0.0
Forward/Midfielder,Espanyol,Antoniu Roca,0,84,180000,0,Fit,0,0.0,0,0.0,0,0.0
Midfielder,Levante,Sergio Lozano,0,0,180000,0,Fit,0,0.0,0,0.0,0,0.0
Defender,Athletic,Diaby,0,0,180000,0,Fit,0,0.0,0,0.0,0,0.0
Midfielder,Elche,Marc Aguado,0,0,180000,0,Fit,0,0.0,0,0.0,0,0.0
Forward,Real Oviedo,Paulino,0,0,170000,10000,Fit,0,0.0,0,0.0,0,0.0
Forward/Midfielder,Betis,Losada,0,56,170000,0,Fit,0,0.0,0,0.0,0,0.0
Defender,Real Sociedad,Jon Pacheco,0,37,170000,0,Fit,0,0.0,0,0.0,0,0.0
Midfielder,Osasuna,Iker Muñoz,0,57,170000,0,Fit,0,0.0,0,0.0,0,0.0
Midfielder,Valencia,Guillamón,0,18,170000,0,Fit,0,0.0,0,0.0,0,0.0
Midfielder/Forward,Osasuna,Iker Benito,0,4,170000,10000,Fit,0,0.0,0,0.0,0,0.0
Defender,Athletic,Boiro,0,53,170000,0,Fit,0,0.0,0,0.0,0,0.0
Defender,Elche,Diaby,0,0,170000,0,Fit,0,0.0,0,0.0,0,0.0
Defender,Alavés,Yusi Enríquez,0,0,170000,10000,Fit,0,0.0,0,0.0,0,0.0
Defender,Levante,Cabello,0,0,170000,0,Fit,0,0.0,0,0.0,0,0.0
Midfielder,Rayo Vallecano,Trejo,0,54,160000,0,Fit,0,0.0,0,0.0,0,0.0
Defender,Celta,Unai Núñez,0,34,160000,0,Fit,0,0.0,0,0.0,0,0.0
Midfielder,Elche,Jairo,0,0,160000,0,Fit,0,0.0,0,0.0,0,0.0
Forward/Midfielder,Getafe,Peter Federico,0,43,160000,0,Fit,0,0.0,0,0.0,0,0.0
Forward/Midfielder,Valencia,Fran Pérez,0,65,160000,0,Fit,0,0.0,0,0.0,0,0.0
Midfielder/Forward,Sevilla,Idumbo,0,40,160000,0,Fit,0,0.0,0,0.0,0,0.0
Defender,Real Oviedo,Ahijado,0,62,160000,0,Fit,0,0.0,0,0.0,0,0.0
Forward/Midfielder,Alavés,Abde Rebbach,0,20,160000,10000,Fit,0,0.0,0,0.0,0,0.0
Defender,Mallorca,Mateu Morey,0,38,160000,0,Fit,0,0.0,0,0.0,0,0.0
Defender,Girona,Francés,0,47,160000,0,Fit,0,0.0,0,0.0,0,0.0
Goalkeeper,Atlético,Juan Musso,0,10,160000,0,Fit,0,0.0,0,0.0,0,0.0
Forward,Sevilla,Akor Adams,0,8,160000,0,Fit,0,0.0,0,0.0,0,0.0
Forward,Real Oviedo,Paraschiv,0,0,160000,0,Fit,0,0.0,0,0.0,0,0.0
Midfielder,Real Oviedo,Cardero,0,0,160000,0,Fit,0,0.0,0,0.0,0,0.0
Goalkeeper,Girona,Krapyvtsov,0,4,160000,0,Fit,0,0.0,0,0.0,0,0.0
Midfielder,Alavés,Manu Fernández,0,0,150000,0,Fit,0,0.0,0,0.0,0,0.0
Defender,Alavés,Nikola Maras,0,0,150000,0,Fit,0,0.0,0,0.0,0,0.0
Forward,Real Sociedad,Carlos Fernández,0,0,150000,0,Fit,0,0.0,0,0.0,0,0.0
Goalkeeper,Girona,Juan Carlos,0,-3,150000,0,Fit,0,0.0,0,0.0,0,0.0
Goalkeeper,Mallorca,Cuéllar,0,0,150000,0,Fit,0,0.0,0,0.0,0,0.0
Midfielder,Mallorca,Daniel Luna,0,4,150000,0,Fit,0,0.0,0,0.0,0,0.0
Defender,Real Oviedo,Álvaro Lemos,0,0,150000,0,Injured. Ruptured anterior cruciate ligament in his left knee. Estimated return: End of September.,0,0.0,0,0.0,0,0.0
Forward,Alavés,Villalibre,0,36,150000,0,Fit,0,0.0,0,0.0,0,0.0
Defender,Real Sociedad,Odriozola,0,5,150000,0,Fit,0,0.0,0,0.0,0,0.0
Defender,Celta,Manu Fernández,0,38,150000,0,Fit,0,0.0,0,0.0,0,0.0
Forward/Midfielder,Espanyol,Pere Milla,0,62,150000,0,Fit,0,0.0,0,0.0,0,0.0
Goalkeeper,Real Madrid,Fran González,0,2,150000,0,Fit,0,0.0,0,0.0,0,0.0
Midfielder,Espanyol,Bauzà,0,7,150000,0,Fit,0,0.0,0,0.0,0,0.0
Midfielder,Atlético,Lemar,0,14,150000,0,Fit,0,0.0,0,0.0,0,0.0
Defender,Getafe,Berrocal,0,47,150000,0,Fit,0,0.0,0,0.0,0,0.0
Midfielder,Levante,Óscar Clemente,0,0,150000,0,Fit,0,0.0,0,0.0,0,0.0
Forward,Girona,Jastin García,0,0,150000,0,Fit,0,0.0,0,0.0,0,0.0
Forward/Midfielder,Celta,Franco Cervi,0,19,150000,0,Fit,0,0.0,0,0.0,0,0.0
Defender,Mallorca,Kike Barja,0,46,150000,0,Fit,0,0.0,0,0.0,0,0.0
Forward,Mallorca,Abdón Prats,0,61,150000,0,Fit,0,0.0,0,0.0,0,0.0
Defender,Celta,Aidoo,0,9,150000,0,Fit,0,0.0,0,0.0,0,0.0
Goalkeeper,Valencia,Cristian Rivero,0,0,150000,0,Fit,0,0.0,0,0.0,0,0.0
Forward,Girona,Miovski,0,51,150000,0,Fit,0,0.0,0,0.0,0,0.0
Defender,Espanyol,Rubén Sánchez,0,0,150000,0,Fit,0,0.0,0,0.0,0,0.0
Forward,Rayo Vallecano,Nteka,0,79,150000,0,Fit,0,0.0,0,0.0,0,0.0
Forward/Midfielder,Athletic,Nico Serrano,0,10,150000,0,Fit,0,0.0,0,0.0,0,0.0
Midfielder,Espanyol,Javi Hernández,0,0,150000,0,Fit,0,0.0,0,0.0,0,0.0
Midfielder/Forward,Osasuna,Javi Llabrés,0,1,150000,0,Fit,0,0.0,0,0.0,0,0.0
Defender,Valencia,Cömert,0,45,150000,0,Fit,0,0.0,0,0.0,0,0.0
Forward,Elche,Rafa Núñez,0,0,150000,0,Fit,0,0.0,0,0.0,0,0.0
Midfielder,Sevilla,Manu Bueno,0,25,150000,0,Fit,0,0.0,0,0.0,0,0.0
Forward,Villarreal,Jorge Pascual,0,0,150000,0,Fit,0,0.0,0,0.0,0,0.0
Forward,Athletic,Adu Ares,0,2,150000,0,Fit,0,0.0,0,0.0,0,0.0
Defender,Sevilla,Marcão,0,16,150000,0,Fit,0,0.0,0,0.0,0,0.0
Defender,Elche,Barzic,0,0,150000,0,Fit,0,0.0,0,0.0,0,0.0
Forward,Real Sociedad,Jon Karrikaburu,0,0,150000,0,Fit,0,0.0,0,0.0,0,0.0
Forward,Mallorca,Nianzou,0,23,150000,0,Injured. Myotendinous injury of the rectus anterior in his right leg. Estimated return: Mid-September.,0,0.0,0,0.0,0,0.0
Defender,Valencia,Özkacar,0,25,150000,0,Fit,0,0.0,0,0.0,0,0.0
Forward,Girona,Joel Roca,0,0,150000,0,Fit,0,0.0,0,0.0,0,0.0
Forward,Villarreal,Pau Cabanes,0,47,150000,0,Fit,0,0.0,0,0.0,0,0.0
Forward,Valencia,Alberto Marí,0,1,150000,0,Fit,0,0.0,0,0.0,0,0.0
Goalkeeper,Espanyol,Fortuño,0,0,150000,0,Fit,0,0.0,0,0.0,0,0.0
Goalkeeper,Levante,Pastor,0,0,150000,0,Fit,0,0.0,0,0.0,0,0.0
Defender,Mallorca,Van Der Heyden,0,4,150000,0,Fit,0,0.0,0,0.0,0,0.0
Goalkeeper,Real Sociedad,Unai Marrero,0,14,150000,0,Fit,0,0.0,0,0.0,0,0.0
Defender,Sevilla,Nianzou,0,43,150000,0,Doubt. Hernia operation.,0,0.0,0,0.0,0,0.0
Defender,Celta,Ristic,0,25,150000,0,Fit,0,0.0,0,0.0,0,0.0
Forward,Real Sociedad,Alberto Dadie,0,0,150000,0,Fit,0,0.0,0,0.0,0,0.0
Defender,Alavés,Victor Parada,0,0,150000,0,Fit,0,0.0,0,0.0,0,0.0
Midfielder,Getafe,Risco,0,13,150000,0,Fit,0,0.0,0,0.0,0,0.0
Defender,Celta,Javier Rueda,0,0,150000,0,Fit,0,0.0,0,0.0,0,0.0
Forward,Espanyol,Gastón Valles,0,0,150000,0,Fit,0,0.0,0,0.0,0,0.0
Defender,Rayo Vallecano,Pelayo,0,7,150000,0,Fit,0,0.0,0,0.0,0,0.0
Forward,Osasuna,Ander Yoldi,0,0,150000,0,Fit,0,0.0,0,0.0,0,0.0
Forward/Midfielder,Valencia,Sergi Canós,0,0,150000,0,Fit,0,0.0,0,0.0,0,0.0
Goalkeeper,Athletic,Álex Padilla,0,27,150000,0,Fit,0,0.0,0,0.0,0,0.0
Defender,Alavés,Moussa Diarra,0,67,150000,0,Fit,0,0.0,0,0.0,0,0.0
Defender,Alavés,Hugo Novoa,0,14,150000,0,Fit,0,0.0,0,0.0,0,0.0
Goalkeeper,Mallorca,Bergström,0,0,150000,0,Fit,0,0.0,0,0.0,0,0.0
Forward,Mallorca,Marc Domenech,0,25,150000,0,Fit,0,0.0,0,0.0,0,0.0
Midfielder,Athletic,Peio Canales,0,26,150000,0,Fit,0,0.0,0,0.0,0,0.0
Midfielder,Betis,Mateo Flores,0,15,150000,0,Fit,0,0.0,0,0.0,0,0.0
Defender,Espanyol,Pablo Ramón,0,0,150000,0,Fit,0,0.0,0,0.0,0,0.0
Goalkeeper,Getafe,Letacek,0,7,150000,0,Fit,0,0.0,0,0.0,0,0.0
Defender,Mallorca,David López,0,7,150000,0,Fit,0,0.0,0,0.0,0,0.0
Defender,Sevilla,Ramón Martínez,0,28,150000,0,Fit,0,0.0,0,0.0,0,0.0
Forward,Real Sociedad,Mariezkurrena,0,40,150000,0,Fit,0,0.0,0,0.0,0,0.0
Goalkeeper,Alavés,Adrián Rodríguez,0,5,150000,0,Fit,0,0.0,0,0.0,0,0.0
Defender,Betis,Nobel Mendy,0,0,150000,0,Fit,0,0.0,0,0.0,0,0.0
Forward,Espanyol,Marcos Fernández,0,0,150000,0,Fit,0,0.0,0,0.0,0,0.0
Defender,Espanyol,Hugo Pérez,0,0,150000,0,Fit,0,0.0,0,0.0,0,0.0
Forward,Elche,Boayar,0,0,150000,0,Fit,0,0.0,0,0.0,0,0.0
Defender,Getafe,Bekhoucha,0,0,150000,0,Fit,0,0.0,0,0.0,0,0.0
Forward,Elche,Yago Santiago,0,0,150000,0,Fit,0,0.0,0,0.0,0,0.0
Forward,Real Oviedo,Borja Sánchez,0,0,150000,0,Fit,0,0.0,0,0.0,0,0.0
Midfielder,Real Oviedo,Yayo González,0,0,150000,0,Fit,0,0.0,0,0.0,0,0.0
Defender,Getafe,Davinchi,0,0,150000,0,Fit,0,0.0,0,0.0,0,0.0
Defender,Athletic,Egiluz,0,0,150000,0,Fit,0,0.0,0,0.0,0,0.0
