round_id,user_id,team_name,team_id,league_position,points,team_value,team_value_inc,formation,slot,player_id,player_name,position,price,is_captain,scraped_at
4905,1716474,Locombia FC,Locombia_Fc,1,416,84000000,220000,3-5-2,starter,30487,Álvaro Valles,GK,6620000,0,2026-10-05
4905,1716474,Locombia FC,Locombia_Fc,1,416,84000000,220000,3-5-2,starter,15828,Cristian Romero,DEF,6340000,0,2026-10-05
4905,1716474,Locombia FC,Locombia_Fc,1,416,84000000,220000,3-5-2,starter,1074,Yuri,DEF,2870000,0,2026-10-05
4905,1716474,Locombia FC,Locombia_Fc,1,416,84000000,220000,3-5-2,starter,10574,Carreira,DEF,2750000,0,2026-10-05
4905,1716474,Locombia FC,Locombia_Fc,1,416,84000000,220000,3-5-2,starter,17687,Kang-in Lee,MID,9940000,0,2026-10-05
4905,1716474,Locombia FC,Locombia_Fc,1,416,84000000,220000,3-5-2,starter,30477,Bellingham,MID,19390000,0,2026-10-05
4905,1716474,Locombia FC,Locombia_Fc,1,416,84000000,220000,3-5-2,starter,30495,Moleiro,MID,8760000,0,2026-10-05
4905,1716474,Locombia FC,Locombia_Fc,1,416,84000000,220000,3-5-2,starter,34469,Luka Sucic,MID,4800000,1,2026-10-05
4905,1716474,Locombia FC,Locombia_Fc,1,416,84000000,220000,3-5-2,starter,19860,Febas,MID,3060000,0,2026-10-05
4905,1716474,Locombia FC,Locombia_Fc,1,416,84000000,220000,3-5-2,starter,12494,Boyé,FWD,5250000,0,2026-10-05
4905,1716474,Locombia FC,Locombia_Fc,1,416,84000000,220000,3-5-2,starter,1927,Gerard Moreno,FWD,5600000,0,2026-10-05
4905,1716474,Locombia FC,Locombia_Fc,1,416,84000000,220000,3-5-2,reserve,12087,Diego Conde,GK,240000,0,2026-10-05
4905,1716474,Locombia FC,Locombia_Fc,1,416,84000000,220000,3-5-2,reserve,37723,José Salinas,DEF,710000,0,2026-10-05
4905,1716474,Locombia FC,Locombia_Fc,1,416,84000000,220000,3-5-2,reserve,2055,De Galarreta,MID,2800000,0,2026-10-05
4905,1716474,Locombia FC,Locombia_Fc,1,416,84000000,220000,3-5-2,reserve,17442,Rioja,FWD,1730000,0,2026-10-05
4905,9892417,CD Numancia,Cd_Numancia,2,346,90350000,-50000,3-5-2,starter,38433,Gulácsi,GK,2340000,0,2026-10-05
4905,9892417,CD Numancia,Cd_Numancia,2,346,90350000,-50000,3-5-2,starter,11800,Cabrera,DEF,2220000,0,2026-10-05
4905,9892417,CD Numancia,Cd_Numancia,2,346,90350000,-50000,3-5-2,starter,34111,Gerard Martín,DEF,5020000,0,2026-10-05
4905,9892417,CD Numancia,Cd_Numancia,2,346,90350000,-50000,3-5-2,starter,43259,Belocian,DEF,1210000,0,2026-10-05
4905,9892417,CD Numancia,Cd_Numancia,2,346,90350000,-50000,3-5-2,starter,2597,Fornals,MID,5940000,0,2026-10-05
4905,9892417,CD Numancia,Cd_Numancia,2,346,90350000,-50000,3-5-2,starter,25322,Javi Hernández,MID,2880000,1,2026-10-05
4905,9892417,CD Numancia,Cd_Numancia,2,346,90350000,-50000,3-5-2,starter,18128,Iker Muñoz,MID,1620000,0,2026-10-05
4905,9892417,CD Numancia,Cd_Numancia,2,346,90350000,-50000,3-5-2,starter,18564,Iñigo Vicente,FWD,5960000,0,2026-10-05
4905,9892417,CD Numancia,Cd_Numancia,2,346,90350000,-50000,3-5-2,starter,39350,Sierra,FWD,4930000,0,2026-10-05
4905,9892417,CD Numancia,Cd_Numancia,2,346,90350000,-50000,3-5-2,starter,25769,Aubameyang,FWD,9760000,0,2026-10-05
4905,9892417,CD Numancia,Cd_Numancia,2,346,90350000,-50000,3-5-2,starter,18398,Budimir,FWD,12900000,0,2026-10-05
4905,9892417,CD Numancia,Cd_Numancia,2,346,90350000,-50000,3-5-2,reserve,2184,Ryan,GK,4050000,0,2026-10-05
4905,9892417,CD Numancia,Cd_Numancia,2,346,90350000,-50000,3-5-2,reserve,1676,Giménez,DEF,3430000,0,2026-10-05
4905,9892417,CD Numancia,Cd_Numancia,2,346,90350000,-50000,3-5-2,reserve,43172,Bouare,MID,760000,0,2026-10-05
4905,9892417,CD Numancia,Cd_Numancia,2,346,90350000,-50000,3-5-2,reserve,24509,Danjuma,FWD,2740000,0,2026-10-05
4905,1715607,"General ""Hansi” Topete",General_Hansi_Topete,3,325,86660000,-170000,3-4-3,starter,38405,Odysseas,GK,3200000,0,2026-10-05
4905,1715607,"General ""Hansi” Topete",General_Hansi_Topete,3,325,86660000,-170000,3-4-3,starter,25815,Nacho Pérez,DEF,850000,0,2026-10-05
4905,1715607,"General ""Hansi” Topete",General_Hansi_Topete,3,325,86660000,-170000,3-4-3,starter,17645,Galán,DEF,1740000,0,2026-10-05
4905,1715607,"General ""Hansi” Topete",General_Hansi_Topete,3,325,86660000,-170000,3-4-3,starter,39885,Ángel Pérez,FWD,4540000,1,2026-10-05
4905,1715607,"General ""Hansi” Topete",General_Hansi_Topete,3,325,86660000,-170000,3-4-3,starter,1612,Antonio Blanco,MID,2880000,0,2026-10-05
4905,1715607,"General ""Hansi” Topete",General_Hansi_Topete,3,325,86660000,-170000,3-4-3,starter,41081,Riki Rodríguez,MID,520000,0,2026-10-05
4905,1715607,"General ""Hansi” Topete",General_Hansi_Topete,3,325,86660000,-170000,3-4-3,starter,6837,Soler,MID,4730000,0,2026-10-05
4905,1715607,"General ""Hansi” Topete",General_Hansi_Topete,3,325,86660000,-170000,3-4-3,starter,8670,Roro Riquelme,MID,3110000,0,2026-10-05
4905,1715607,"General ""Hansi” Topete",General_Hansi_Topete,3,325,86660000,-170000,3-4-3,starter,5697,Mariano,FWD,4560000,0,2026-10-05
4905,1715607,"General ""Hansi” Topete",General_Hansi_Topete,3,325,86660000,-170000,3-4-3,starter,34557,Julián Alvarez,FWD,6630000,0,2026-10-05
4905,1715607,"General ""Hansi” Topete",General_Hansi_Topete,3,325,86660000,-170000,3-4-3,starter,19577,Mbappé,FWD,25180000,0,2026-10-05
4905,1715607,"General ""Hansi” Topete",General_Hansi_Topete,3,325,86660000,-170000,3-4-3,reserve,5069,Isi Palazón,FWD,3070000,0,2026-10-05
4905,1715607,"General ""Hansi” Topete",General_Hansi_Topete,3,325,86660000,-170000,3-4-3,reserve,39431,Thiago Fernández,FWD,1070000,0,2026-10-05
4905,12616837,Hernan Krezzpo,Hernan_Krezzpo,4,320,72750000,-340000,4-4-2,starter,17021,Unai Simón,GK,4600000,0,2026-10-05
4905,12616837,Hernan Krezzpo,Hernan_Krezzpo,4,320,72750000,-340000,4-4-2,starter,20,Eric García,DEF,5760000,0,2026-10-05
4905,12616837,Hernan Krezzpo,Hernan_Krezzpo,4,320,72750000,-340000,4-4-2,starter,37739,De la Fuente,DEF,4710000,0,2026-10-05
4905,12616837,Hernan Krezzpo,Hernan_Krezzpo,4,320,72750000,-340000,4-4-2,starter,41270,Jorge Salinas,DEF,2180000,0,2026-10-05
4905,12616837,Hernan Krezzpo,Hernan_Krezzpo,4,320,72750000,-340000,4-4-2,starter,32460,Héctor Fort,DEF,1440000,0,2026-10-05
4905,12616837,Hernan Krezzpo,Hernan_Krezzpo,4,320,72750000,-340000,4-4-2,starter,19441,Pedri,MID,15790000,0,2026-10-05
4905,12616837,Hernan Krezzpo,Hernan_Krezzpo,4,320,72750000,-340000,4-4-2,starter,25403,Gonzalo Villar,MID,3090000,0,2026-10-05
4905,12616837,Hernan Krezzpo,Hernan_Krezzpo,4,320,72750000,-340000,4-4-2,starter,1249,Isco,MID,7980000,0,2026-10-05
4905,12616837,Hernan Krezzpo,Hernan_Krezzpo,4,320,72750000,-340000,4-4-2,starter,32338,Agoumé,MID,3660000,1,2026-10-05
4905,12616837,Hernan Krezzpo,Hernan_Krezzpo,4,320,72750000,-340000,4-4-2,starter,25777,Luismi Cruz,FWD,3440000,0,2026-10-05
4905,12616837,Hernan Krezzpo,Hernan_Krezzpo,4,320,72750000,-340000,4-4-2,starter,17756,Camello,FWD,10780000,0,2026-10-05
4905,12616837,Hernan Krezzpo,Hernan_Krezzpo,4,320,72750000,-340000,4-4-2,reserve,41091,Carlos López,GK,150000,0,2026-10-05
4905,11457758,RaiFC,Raifc,5,318,74300000,-340000,3-5-2,starter,37600,Radu,GK,3610000,0,2026-10-05
4905,11457758,RaiFC,Raifc,5,318,74300000,-340000,3-5-2,starter,1721,Manu Sánchez,DEF,1610000,0,2026-10-05
4905,11457758,RaiFC,Raifc,5,318,74300000,-340000,3-5-2,starter,1613,Laporte,DEF,5940000,0,2026-10-05
4905,11457758,RaiFC,Raifc,5,318,74300000,-340000,3-5-2,starter,5220,Fran García,DEF,4220000,0,2026-10-05
4905,11457758,RaiFC,Raifc,5,318,74300000,-340000,3-5-2,starter,30081,Pape Gueye,MID,7640000,0,2026-10-05
4905,11457758,RaiFC,Raifc,5,318,74300000,-340000,3-5-2,starter,10158,Guridi,MID,2000000,0,2026-10-05
4905,11457758,RaiFC,Raifc,5,318,74300000,-340000,3-5-2,starter,33,Álvaro García,FWD,3950000,0,2026-10-05
4905,11457758,RaiFC,Raifc,5,318,74300000,-340000,3-5-2,starter,35770,Antony,FWD,9230000,0,2026-10-05
4905,11457758,RaiFC,Raifc,5,318,74300000,-340000,3-5-2,starter,14800,Pablo Ibáñez,MID,2250000,0,2026-10-05
4905,11457758,RaiFC,Raifc,5,318,74300000,-340000,3-5-2,starter,15568,Vinícius Jr,FWD,13920000,0,2026-10-05
4905,11457758,RaiFC,Raifc,5,318,74300000,-340000,3-5-2,starter,42610,Zabiri,FWD,6440000,1,2026-10-05
4905,11457758,RaiFC,Raifc,5,318,74300000,-340000,3-5-2,reserve,8695,Areso,DEF,2400000,0,2026-10-05
4905,11457758,RaiFC,Raifc,5,318,74300000,-340000,3-5-2,reserve,10157,Aleñá,MID,650000,0,2026-10-05
4905,11457758,RaiFC,Raifc,5,318,74300000,-340000,3-5-2,reserve,35055,Óskarsson,FWD,1760000,0,2026-10-05
4905,14001537,The National,The_National,6,301,79750000,20000,3-3-4,starter,14630,Leo Román,GK,4210000,0,2026-10-05
4905,14001537,The National,The_National,6,301,79750000,20000,3-3-4,starter,2600,Marcos Llorente,DEF,5840000,0,2026-10-05
4905,14001537,The National,The_National,6,301,79750000,20000,3-3-4,starter,1760,Chust,DEF,1570000,0,2026-10-05
4905,14001537,The National,The_National,6,301,79750000,20000,3-3-4,starter,35408,Pablo Ramón,DEF,1600000,0,2026-10-05
4905,14001537,The National,The_National,6,301,79750000,20000,3-3-4,starter,30123,Javi Guerra,MID,3010000,0,2026-10-05
4905,14001537,The National,The_National,6,301,79750000,20000,3-3-4,starter,37726,Oriol Rey,MID,1080000,0,2026-10-05
4905,14001537,The National,The_National,6,301,79750000,20000,3-3-4,starter,1969,Unai López,MID,2570000,0,2026-10-05
4905,14001537,The National,The_National,6,301,79750000,20000,3-3-4,starter,40911,Nsongo,FWD,3610000,0,2026-10-05
4905,14001537,The National,The_National,6,301,79750000,20000,3-3-4,starter,34479,Pépé,FWD,8130000,0,2026-10-05
4905,14001537,The National,The_National,6,301,79750000,20000,3-3-4,starter,9045,Enes Ünal,FWD,3380000,0,2026-10-05
4905,14001537,The National,The_National,6,301,79750000,20000,3-3-4,starter,26930,Raphinha,FWD,24020000,0,2026-10-05
4905,14001537,The National,The_National,6,301,79750000,20000,3-3-4,reserve,34805,Musso,GK,320000,0,2026-10-05
4905,14001537,The National,The_National,6,301,79750000,20000,3-3-4,reserve,19299,Sergio Gómez,DEF,2880000,0,2026-10-05
4905,14001537,The National,The_National,6,301,79750000,20000,3-3-4,reserve,41566,Gerenabarrena,MID,2240000,0,2026-10-05
4905,14001537,The National,The_National,6,301,79750000,20000,3-3-4,reserve,35344,Buchanan,MID,2850000,0,2026-10-05
4905,1792970,Manchester Tity,Manchester_Tity,7,296,73680000,120000,3-4-3,starter,9090,Dmitrovic,GK,3760000,0,2026-10-05
4905,1792970,Manchester Tity,Manchester_Tity,7,296,73680000,120000,3-4-3,starter,43185,Mamadou Sarr,DEF,1630000,0,2026-10-05
4905,1792970,Manchester Tity,Manchester_Tity,7,296,73680000,120000,3-4-3,starter,2480,Mandi,DEF,2390000,0,2026-10-05
4905,1792970,Manchester Tity,Manchester_Tity,7,296,73680000,120000,3-4-3,starter,40075,Espart,DEF,4300000,0,2026-10-05
4905,1792970,Manchester Tity,Manchester_Tity,7,296,73680000,120000,3-4-3,starter,12734,Javi Morcillo,MID,690000,0,2026-10-05
4905,1792970,Manchester Tity,Manchester_Tity,7,296,73680000,120000,3-4-3,starter,29661,Olasagasti,MID,3030000,1,2026-10-05
4905,1792970,Manchester Tity,Manchester_Tity,7,296,73680000,120000,3-4-3,starter,42444,Hjulmand,MID,3470000,0,2026-10-05
4905,1792970,Manchester Tity,Manchester_Tity,7,296,73680000,120000,3-4-3,starter,18916,Gudelj,MID,1330000,0,2026-10-05
4905,1792970,Manchester Tity,Manchester_Tity,7,296,73680000,120000,3-4-3,starter,42557,Adeyemi,FWD,11030000,0,2026-10-05
4905,1792970,Manchester Tity,Manchester_Tity,7,296,73680000,120000,3-4-3,starter,41072,Mario Soriano,MID,4260000,0,2026-10-05
4905,1792970,Manchester Tity,Manchester_Tity,7,296,73680000,120000,3-4-3,starter,26271,Yamal,FWD,24780000,0,2026-10-05
4905,1792970,Manchester Tity,Manchester_Tity,7,296,73680000,120000,3-4-3,reserve,30334,Fortuño,GK,150000,0,2026-10-05
4905,1792970,Manchester Tity,Manchester_Tity,7,296,73680000,120000,3-4-3,reserve,35765,Angel Ortiz,DEF,180000,0,2026-10-05
4905,1792970,Manchester Tity,Manchester_Tity,7,296,73680000,120000,3-4-3,reserve,37817,Bisiwu,FWD,310000,0,2026-10-05
4905,11458371,Minabo de Kiev,Minabo_De_Kiev,8,288,69500000,-860000,3-4-3,starter,11,David Soria,GK,5850000,0,2026-10-05
4905,11458371,Minabo de Kiev,Minabo_De_Kiev,8,288,69500000,-860000,3-4-3,starter,25384,Tenaglia,DEF,4670000,0,2026-10-05
4905,11458371,Minabo de Kiev,Minabo_De_Kiev,8,288,69500000,-860000,3-4-3,starter,25398,Pubill,DEF,5240000,0,2026-10-05
4905,11458371,Minabo de Kiev,Minabo_De_Kiev,8,288,69500000,-860000,3-4-3,starter,41264,Mantilla,DEF,980000,0,2026-10-05
4905,11458371,Minabo de Kiev,Minabo_De_Kiev,8,288,69500000,-860000,3-4-3,starter,41385,Bardeli,MID,1890000,0,2026-10-05
4905,11458371,Minabo de Kiev,Minabo_De_Kiev,8,288,69500000,-860000,3-4-3,starter,18397,De Frutos,FWD,3200000,1,2026-10-05
4905,11458371,Minabo de Kiev,Minabo_De_Kiev,8,288,69500000,-860000,3-4-3,starter,31243,Fermín,MID,14580000,0,2026-10-05
4905,11458371,Minabo de Kiev,Minabo_De_Kiev,8,288,69500000,-860000,3-4-3,starter,34077,Marc Bernal,MID,3710000,0,2026-10-05
4905,11458371,Minabo de Kiev,Minabo_De_Kiev,8,288,69500000,-860000,3-4-3,starter,21008,Nico Williams,FWD,7900000,0,2026-10-05
4905,11458371,Minabo de Kiev,Minabo_De_Kiev,8,288,69500000,-860000,3-4-3,starter,20102,Kubo,MID,3120000,0,2026-10-05
4905,11458371,Minabo de Kiev,Minabo_De_Kiev,8,288,69500000,-860000,3-4-3,starter,39792,Satriano,FWD,2930000,0,2026-10-05
4905,11458371,Minabo de Kiev,Minabo_De_Kiev,8,288,69500000,-860000,3-4-3,reserve,10117,Iván Villar,GK,150000,0,2026-10-05
4905,11458371,Minabo de Kiev,Minabo_De_Kiev,8,288,69500000,-860000,3-4-3,reserve,29184,Barrios,MID,6600000,0,2026-10-05
4905,11458371,Minabo de Kiev,Minabo_De_Kiev,8,288,69500000,-860000,3-4-3,reserve,6259,Hugo Duro,FWD,1690000,0,2026-10-05
4905,7745504,Patsi F.C,Patsi_FC,9,280,63780000,-210000,3-4-3,starter,43282,Audero,GK,2530000,0,2026-10-05
4905,7745504,Patsi F.C,Patsi_FC,9,280,63780000,-210000,3-4-3,starter,26566,Carlos Romero,DEF,3660000,1,2026-10-05
4905,7745504,Patsi F.C,Patsi_FC,9,280,63780000,-210000,3-4-3,starter,39924,Koski,DEF,2980000,0,2026-10-05
4905,7745504,Patsi F.C,Patsi_FC,9,280,63780000,-210000,3-4-3,starter,26678,Christensen,DEF,860000,0,2026-10-05
4905,7745504,Patsi F.C,Patsi_FC,9,280,63780000,-210000,3-4-3,starter,1083,Koke,MID,3600000,0,2026-10-05
4905,7745504,Patsi F.C,Patsi_FC,9,280,63780000,-210000,3-4-3,starter,42425,Amatucci,MID,3930000,0,2026-10-05
4905,7745504,Patsi F.C,Patsi_FC,9,280,63780000,-210000,3-4-3,starter,19862,Expósito,MID,5070000,0,2026-10-05
4905,7745504,Patsi F.C,Patsi_FC,9,280,63780000,-210000,3-4-3,starter,26092,Terrats,MID,4780000,0,2026-10-05
4905,7745504,Patsi F.C,Patsi_FC,9,280,63780000,-210000,3-4-3,starter,42748,Parrott,FWD,4460000,0,2026-10-05
4905,7745504,Patsi F.C,Patsi_FC,9,280,63780000,-210000,3-4-3,starter,25127,Ez Abde,FWD,9970000,0,2026-10-05
4905,7745504,Patsi F.C,Patsi_FC,9,280,63780000,-210000,3-4-3,starter,2603,Oyarzabal,FWD,9080000,0,2026-10-05
4905,7745504,Patsi F.C,Patsi_FC,9,280,63780000,-210000,3-4-3,reserve,28115,Kike Salas,DEF,2870000,0,2026-10-05
4905,7745504,Patsi F.C,Patsi_FC,9,280,63780000,-210000,3-4-3,reserve,12403,Iván Martín,MID,2710000,0,2026-10-05
4905,7745504,Patsi F.C,Patsi_FC,9,280,63780000,-210000,3-4-3,reserve,22690,Tete Morente,FWD,1590000,0,2026-10-05
4905,12617705,FreeJulian,Freejulian,10,273,85050000,-10000,3-5-2,starter,9887,Sivera,GK,5200000,0,2026-10-05
4905,12617705,FreeJulian,Freejulian,10,273,85050000,-10000,3-5-2,starter,8376,Zubeldia,DEF,1240000,0,2026-10-05
4905,12617705,FreeJulian,Freejulian,10,273,85050000,-10000,3-5-2,starter,37495,Huijsen,DEF,4360000,0,2026-10-05
4905,12617705,FreeJulian,Freejulian,10,273,85050000,-10000,3-5-2,starter,33473,Rueda,DEF,1720000,0,2026-10-05
4905,12617705,FreeJulian,Freejulian,10,273,85050000,-10000,3-5-2,starter,5807,Marc Roca,MID,3170000,0,2026-10-05
4905,12617705,FreeJulian,Freejulian,10,273,85050000,-10000,3-5-2,starter,26048,Tchouameni,MID,4370000,0,2026-10-05
4905,12617705,FreeJulian,Freejulian,10,273,85050000,-10000,3-5-2,starter,41157,Diatta,MID,200000,0,2026-10-05
4905,12617705,FreeJulian,Freejulian,10,273,85050000,-10000,3-5-2,starter,10745,Guedes,FWD,3310000,0,2026-10-05
4905,12617705,FreeJulian,Freejulian,10,273,85050000,-10000,3-5-2,starter,11196,Lemar,MID,3540000,1,2026-10-05
4905,12617705,FreeJulian,Freejulian,10,273,85050000,-10000,3-5-2,starter,2009,Borja Iglesias,FWD,3190000,0,2026-10-05
4905,12617705,FreeJulian,Freejulian,10,273,85050000,-10000,3-5-2,starter,41200,Gordon,FWD,9310000,0,2026-10-05
4905,12617705,FreeJulian,Freejulian,10,273,85050000,-10000,3-5-2,reserve,39901,Freeman,DEF,1610000,0,2026-10-05
4905,12617705,FreeJulian,Freejulian,10,273,85050000,-10000,3-5-2,reserve,34527,Dani Olmo,MID,10470000,0,2026-10-05
4905,12617705,FreeJulian,Freejulian,10,273,85050000,-10000,3-5-2,reserve,15396,Brugué,FWD,4050000,0,2026-10-05
