position,club,name,price,change,status,owner,last_sale,recent_pts,this_season_pts,last_season_pts,scraped_at
Forward/Midfielder,Real Madrid,Brahim,1280000,-20000.0,,Free Agent,"1,280,000",7,9,0,2026-10-10
Forward,Getafe,Juanmi,150000,0.0,,Free Agent,"150,000",0,0,22,2026-10-10
Defender,Real Madrid,Mendy,150000,0.0,,Free Agent,"150,000",0,0,10,2026-10-10
Goalkeeper,Deportivo,Alvaro Fernandez,290000,0.0,,Free Agent,"290,000",0,0,0,2026-10-10
Forward,Valencia,Raba,190000,0.0,,Free Agent,"190,000",3,3,0,2026-10-10
Goalkeeper,Betis,Diego Conde,240000,0.0,,Free Agent,"240,000",0,0,0,2026-10-10
Midfielder,Espanyol,Pol Lozano,490000,-10000.0,,Free Agent,"490,000",4,9,0,2026-10-10
Coach,Barcelona,Hansi Flick,4770000,-50000.0,,Free Agent,"4,770,000",15,21,0,2026-10-10
Midfielder,Osasuna,Torro,890000,-10000.0,,Free Agent,"890,000",10,16,0,2026-10-10
Midfielder/Defender,Alaves,Benavidez,150000,0.0,,Free Agent,"150,000",9,9,0,2026-10-10
Midfielder,Alaves,Mikel Rodriguez,980000,-10000.0,,Free Agent,"980,000",3,18,0,2026-10-10
Forward/Midfielder,Sevilla,Ejuke,1970000,-20000.0,,Free Agent,"1,970,000",14,28,0,2026-10-10
Defender,Rayo Vallecano,Pelayo,210000,0.0,,Free Agent,"210,000",0,3,0,2026-10-10
Forward/Midfielder,Villarreal,Pepe,7660000,-90000.0,,Free Agent,"7,660,000",22,38,0,2026-10-10
Goalkeeper,Elche,Iturbe,150000,0.0,,Free Agent,"150,000",0,0,0,2026-10-10
Defender,Malaga,Jose Salinas,660000,-10000.0,,Free Agent,"660,000",10,14,0,2026-10-10
Defender,Alaves,Koski,2160000,-70000.0,,Free Agent,"2,160,000",26,31,0,2026-10-10
Forward,Deportivo,Eddahchouri,410000,-10000.0,,Free Agent,"410,000",14,16,0,2026-10-10
Forward/Midfielder,Rayo Vallecano,Tsitaishvili,690000,-10000.0,,Free Agent,"690,000",12,12,0,2026-10-10
Defender,Espanyol,Drkusic,830000,-20000.0,,Free Agent,"830,000",1,7,0,2026-10-10
